{
  "timestamp": "2025-10-13T01:22:47.784506",
  "mode": "fast_backtest",
  "interval": "5minute",
  "days": 2,
  "symbols": 1,
  "bars": 150,
  "trades": 0,
  "win_rate": 0.0,
  "final_value": 999769.4647599249,
  "total_pnl": -230.53524007499982,
  "best_trade": 0.0,
  "worst_trade": -80.50436954999896,
  "settings": {
    "min_confidence": 0.65,
    "top_n": 1,
    "max_positions": 8
  }
}